"","baseMean","log2FoldChange","lfcSE","stat","pvalue","padj"
"AADAC",281.149950935192,-6.78436821382269,1.18824979015071,-4.8679732677159,1.12748576921526e-06,0.000134372976398683
"ACACB",20934.4242554714,-5.18996150712534,0.955604406827705,-4.38461928093723,1.16188804254753e-05,0.000953051485692011
"ADH1A",1129.85774853476,-8.59998323771574,1.26915279061284,-5.9882334845168,2.12132392236725e-09,6.4313331056892e-07
"ADH1B",121455.243509557,-7.89878996368326,1.44011779593402,-4.79043449304015,1.66420549338958e-06,0.000190457848551426
"ADH1C",639.461889115022,-5.74549508354042,0.954157451826376,-4.97349266041674,6.57572646225431e-07,8.5439946612193e-05
"ADRA1A",134.885667454895,-5.9925979386291,0.963551750097703,-5.18145282609145,2.20164274443025e-07,3.56979330190892e-05
"ADRB2",745.534635806452,-4.34414011933801,0.799041967410497,-4.1851870811937,2.84931335592774e-05,0.00201799115179456
"ABCD2",1515.18307558519,-6.45113849071109,0.98806167441578,-5.51700225993912,3.44831001787938e-08,7.5430690403764e-06
"ANGPT1",1271.08965962945,-3.73879005255585,0.630743600553432,-4.34216066584387,1.41088294441482e-05,0.00111841597075378
"ANK2",3490.9282083904,-3.12994660454617,0.548211898406248,-3.88526153981391,0.000102219783876793,0.00577274537638844
"AOX1",2219.04674833068,-4.20812537498984,0.585046165666246,-5.48354226257761,4.16892623388371e-08,8.67990533105355e-06
"APLP1",461.21281645092,4.01292489122301,0.59348068619185,5.07670251336376,3.84041442529846e-07,5.62425437996464e-05
"APOB",786.311864964263,-6.937966795921,1.03607113043167,-5.73123468216609,9.97022073443475e-09,2.53375565458481e-06
"AQP7",5638.39472753209,-8.18929863420616,1.06026844182259,-6.78064002532025,1.19644650936533e-11,9.57658714669965e-09
"ASPA",331.311076963058,-5.44378088702933,0.813481485830408,-5.46266997397376,4.69026080309959e-08,9.53557611039576e-06
"ATP1A2",5050.25301489267,-8.28626419842983,0.789972613702456,-9.22343898009382,2.87721091545103e-20,2.48605409149546e-16
"KIF1A",486.85875495772,5.55411782845066,1.1824907175838,3.85129266617513,0.000117495981330802,0.00640519890655391
"BMP3",206.472552960009,-5.63390271763678,1.08603485134243,-4.26680848400849,1.98289242140961e-05,0.00151621079355662
"BUB1",1267.38529933137,5.13328884072901,0.951452001763083,4.34419059823285,1.39790109243606e-05,0.00111323174093952
"BUB1B",818.37992473692,4.30918730175454,0.879048975136876,3.76450845783566,0.000166877020230555,0.00814633273052038
"C6",1609.18560299474,-6.06275967621786,1.35570966248432,-3.73439816526822,0.000188164607446181,0.00881212081647007
"CA3",925.817048303315,-4.76601796906524,1.01459115338293,-3.71185768425864,0.000205743664600554,0.00948121671456581
"CA4",703.689949509509,-9.39970053051768,0.686000379465145,-12.2444546416529,1.79882148263076e-34,3.10854340413422e-30
"CASQ2",402.70859374858,-4.37033978770205,0.90384117746666,-3.72890710417581,0.00019231202550268,0.00895780084288897
"CAV1",34051.5414263478,-3.41415002102934,0.602540320332753,-4.00661987183882,6.15938719777346e-05,0.00385653515089577
"CD36",87850.5157676665,-6.28737852460385,0.86788988405003,-6.09222278283757,1.11353568011649e-09,3.77313923295941e-07
"CDK1",1562.02927498266,3.54174885306258,0.668697343806798,3.80104523608957,0.00014408699146995,0.00740644029632327
"CDC20",1514.11708425023,5.07437319343986,1.02291043258277,3.98311823172277,6.80168957131415e-05,0.00415335680147986
"CDH2",244.946231089258,3.18537966473111,0.590380168242632,3.70164816212624,0.000214203514803624,0.00974118668242482
"CDO1",3072.63197290145,-4.62466646949126,0.941554487848594,-3.84966193276126,0.00011828096497428,0.00642771495509601
"CEBPA",6629.32748730235,-4.02784382088447,0.757081129673098,-3.99936506433844,6.35126468145148e-05,0.00393391415627824
"CES1",5781.81326884817,-4.89901852705544,0.577418063042971,-6.75250529314543,1.45313759789793e-11,1.09181177518583e-08
"CHIT1",570.601275579274,-5.84461999675423,1.20990088144332,-4.00414618342533,6.2241869429156e-05,0.00388303879279872
"CIDEA",4806.82629384398,-8.8016264284476,1.29278267698728,-6.03475477148922,1.59204269193799e-09,5.09483143692231e-07
"CKMT2",315.620655840062,-4.48977494143486,0.696610561751953,-5.00964977139909,5.45291769082324e-07,7.41983233189893e-05
"CMA1",155.286680594356,-5.47091239644187,1.04869505468042,-4.2633102697374,2.01420530921271e-05,0.00153336924883281
"CNTFR",1909.83744468076,-6.65284748666576,1.09870471970431,-5.14501065234986,2.67505631187121e-07,4.05505685310933e-05
"COL10A1",4375.94741759555,7.03381190159866,0.814682844268129,7.40633234644722,1.29840203847452e-13,3.2053836609826e-10
"COL11A1",9281.82763020736,9.66860817137227,1.12086350163439,7.7338660405412,1.04328814855657e-14,3.60581249904122e-11
"COMP",4512.9720154486,4.7293732498147,0.889586357781181,4.19225544231204,2.76194752148211e-05,0.00196416523122355
"CPA1",89.1090541511921,-8.84048262152347,1.2674112369932,-6.186218326519,6.16246447660956e-10,2.36652330267311e-07
"CPM",8707.12631331505,-4.07904842703915,0.812883863179408,-3.78780852531156,0.00015198190065599,0.0077005419781566
"CRHBP",297.38247177635,-6.39848124895713,0.914852563276317,-5.90093034185073,3.61457502830639e-09,1.0239913289207e-06
"HAPLN1",411.046589800237,6.07013306425178,1.33877998897538,3.78712940587956,0.000152397740670653,0.0077005419781566
"CSN1S1",28.5058179973372,-5.39637401415493,1.05457848588419,-4.16884477827069,3.06147386539539e-05,0.00213327943015717
"CST1",439.02464147324,10.038662927831,1.38589523708077,6.52189479117474,6.94247075888778e-11,3.87009152207547e-08
"CTSG",273.827889909128,-3.91296969456537,0.745887327381749,-3.90537496432689,9.40793933278414e-05,0.00540128237906454
"AKR1C1",6314.65575923952,-4.89503109992054,0.783147376297485,-4.97356081091048,6.57341406829993e-07,8.5439946612193e-05
"AKR1C2",7138.50577063993,-5.42710788122572,0.648696679714366,-6.82461930154332,8.81587855489818e-12,7.61735986535977e-09
"CFD",10647.416866439,-6.16551539472325,0.750207384755781,-6.8854499431578,5.76051682161249e-12,5.2393416418045e-09
"DPP6",84.1924650618496,-5.07286109856223,0.788150405163779,-5.16761911416626,2.37094863339463e-07,3.7589324159351e-05
"DPT",14240.1400023798,-4.69518470392792,0.80657795738499,-4.58131129185341,4.62069442596811e-06,0.000443612335417527
"EPYC",135.935250885001,7.12788601481562,1.2578033038549,4.87189530830056,1.10532738697124e-06,0.000134128477128899
"EBF1",3926.03822905075,-3.78646658334031,0.615973144563545,-4.52368192985863,6.07730333398323e-06,0.000555671317008276
"S1PR1",3850.45374803057,-2.69636799214356,0.452155902058148,-3.75173249850757,0.000175616788194304,0.00847718915303287
"EPAS1",27288.2616505069,-2.68287975966539,0.451776566059234,-3.72502667490005,0.000195294569723049,0.00907227274027958
"EPB42",110.708339990474,-8.17236481876813,1.29676933706157,-5.53094880776596,3.18503274806066e-08,7.05648088708158e-06
"FABP4",101855.522947024,-7.31285643726625,1.20518529116102,-5.23807955802774,1.62256120054222e-07,2.69610385640097e-05
"FGF2",3226.29195655846,-4.23013149147242,0.487600774708197,-6.6245413441057,3.4832801778202e-11,2.14980588403253e-08
"FHL1",46822.3501202284,-5.89254988510209,0.709406106987842,-6.89668419387591,5.32303342722181e-12,5.2393416418045e-09
"FIGF",1224.12644016094,-5.65919705387062,1.02615064066822,-4.5404610875033,5.61313381498755e-06,0.000524327380847567
"FOXM1",2525.68884162457,5.13177568052429,0.940521874225382,4.39306707664533,1.11762625440125e-05,0.000924626151667355
"FMO2",8609.53849817211,-5.27178949401472,0.700654236062214,-6.09685815648935,1.08173423014446e-09,3.73868984622527e-07
"GFRA2",166.988573585547,-4.05520753569113,0.670849093433357,-4.55423964286037,5.25753946525212e-06,0.000496478357918153
"GHR",10543.9583382114,-4.28294385259625,0.816561352253929,-4.02044971089366,5.80871486578966e-05,0.00365019642166222
"GJB2",2326.08495167314,6.02620659666778,0.6872672827032,7.31332150265965,2.60618437523428e-13,5.0041635764915e-10
"GPC3",5356.14795883989,-3.74467256950514,0.722196996454624,-3.80044860748405,0.000144434371845434,0.00740644029632327
"GLDC",154.519835661862,4.32615386681781,0.87602638419581,3.796864942454,0.000146537572895878,0.00749205857163809
"GNAL",512.314764611758,-3.05615154785649,0.493744876329359,-4.16440077949266,3.12171343755905e-05,0.00214899505238478
"GPD1",33990.4928300953,-8.21069143233929,1.21060262829551,-5.95628265113855,2.58039894456361e-09,7.6882541656903e-07
"GPLD1",245.321454235089,-4.44410613087795,0.6381817413839,-5.39674814796392,6.78595363519496e-08,1.26094693300865e-05
"GPX3",36022.7267424404,-4.73009852295485,0.857371551252625,-4.35062082186557,1.35752628291233e-05,0.00108608387476889
"GRIA1",189.330425421561,-5.09138702720954,1.05486643516209,-3.8785830042842,0.000105066677780516,0.00585695889911322
"GRIN2D",162.810985013019,3.08688339139783,0.483639872984265,4.31495314586216,1.59636757964716e-05,0.00124827276669152
"GRM4",47.4358219195436,4.5851584145963,0.693018748961867,5.17324880454795,2.30058341651068e-07,3.68114648340011e-05
"GSN",85825.3059216386,-3.20479275533258,0.52563188558513,-4.19455671506347,2.73405739207368e-05,0.00195487498607932
"GYS2",310.01214712176,-9.38279902730894,1.94867242937903,-4.30179998491599,1.69416209516626e-05,0.00131286166666225
"HBA2",4687.2998309208,-6.55566089075911,0.77592828669872,-7.16001850428258,8.06661716793186e-13,1.16166009399192e-09
"HBB",7422.54459681472,-7.32218832039742,0.75115723702941,-8.41659776240682,3.87575587781461e-17,1.67442343311286e-13
"TLX1",318.593961697891,7.46511793653056,1.39458167704323,4.63588332111019,3.55416418175821e-06,0.000352985696695193
"HSD11B1",927.939277180656,-4.51391016606851,0.917641000522585,-3.82928635933593,0.000128515395334902,0.00677095898409283
"IGFBP6",2146.52413050321,-3.51384256541921,0.59641521277482,-4.21492026288794,2.49866453846994e-05,0.00183742220805528
"INHBA",985.39360388551,4.40324418362427,0.671537474250129,5.06783956833458,4.02356297682706e-07,5.83970962802429e-05
"ITGA7",7425.24741101504,-5.07164915112149,0.676463140417564,-6.01902588307792,1.75469813461291e-09,5.51326153895376e-07
"KCNB1",392.491205061332,-5.16800193997218,0.75679216866614,-5.50745913150549,3.64049889641949e-08,7.86393267862814e-06
"KCNG1",366.480093528173,4.75710766333511,0.975187854757788,3.85270145132014,0.000116821794403238,0.00640519890655391
"LEP",13342.7487133952,-9.18731748140511,1.11490744077391,-7.34349523734627,2.08086805414758e-13,4.49493510546555e-10
"LEPR",3703.20516550399,-3.74194192503025,0.50417562956966,-5.43846581273799,5.37413189881204e-08,1.04348734093675e-05
"LHCGR",28.1338777116633,-7.18922164045962,1.45369003124942,-4.25759378368999,2.06638983545143e-05,0.0015661966116858
"LIFR",8407.54543581591,-2.81793159118019,0.444500425980914,-4.08983093136169,4.31687741011389e-05,0.00282575600470372
"LIPE",22171.3469282574,-6.9148172044279,0.891700718143935,-6.63318654350702,3.28516194559509e-11,2.10262531784551e-08
"MAOA",12054.2436044498,-5.28266433489658,0.810936115689191,-5.28113651869712,1.2838497901429e-07,2.21862082234595e-05
"MEOX2",1216.16728419915,-3.49075664452386,0.659225362473066,-3.77830827864367,0.000157897343200887,0.00784087352831763
"MFAP2",1799.43174183865,2.84753341067332,0.421575093064891,4.38245389982974,1.17350002492537e-05,0.000956568581638462
"MME",12493.0915325449,-3.59480058850488,0.599976111782565,-4.3248398353654,1.52642724227528e-05,0.00120448352391594
"MMP1",451.312627309509,6.85632779341652,1.23370064864586,4.74696013157207,2.06496634896031e-06,0.000230223764363762
"MMP11",9462.4312373548,6.44362529079679,0.755955228137609,7.20098901122471,5.9777365643078e-13,1.03301265567803e-09
"MMP13",405.365560087505,8.14333468738054,0.789336614277969,9.04979518011435,1.43236758973429e-19,8.25091477273273e-16
"MYBL2",2975.66540597878,5.8591541848959,0.927032282988508,5.24162348395383,1.59169902649267e-07,2.67050008512814e-05
"MYH1",166.707101834421,-7.1615872291417,0.95839883194705,-6.42904292425319,1.28409866108214e-10,5.99743485463796e-08
"MYOC",905.990877684197,-8.96404751155173,1.12527393712409,-7.07742999176339,1.4685233636883e-12,1.95211940368442e-09
"NEK2",862.88842469646,5.12193795926404,0.996223126202604,4.13756502017375,3.5101099888662e-05,0.00236946135615612
"NOVA1",1038.04266173789,-4.24601848472606,0.731897025695841,-4.43507538733328,9.2040074629753e-06,0.000783519472747173
"NPR1",4449.77702968057,-4.64969316698356,0.658686878763305,-5.54086210709998,3.00986161715222e-08,6.84387086921152e-06
"NTRK2",12113.321874927,-3.9223965780029,0.536526785117505,-5.44687918490941,5.12612558396648e-08,1.01581586302481e-05
"PCDH9",568.61622930695,-4.85808471142742,0.75389302592172,-5.11754927923689,3.09531204731162e-07,4.6513119556167e-05
"PCK1",5939.33412227227,-9.02033831819001,1.19530847031206,-6.70984814162332,1.94827061482904e-11,1.40283602061919e-08
"PDE2A",2744.84041536621,-4.13845222578194,0.595180262160247,-5.27311207261933,1.34129597282567e-07,2.29494412934658e-05
"PDE3B",6275.00128265781,-5.91199962716685,1.03961425786249,-4.72482903155466,2.30309035775008e-06,0.000248748152951745
"PDK4",15412.7140345233,-3.29282044347668,0.551620960986465,-4.1565143561195,3.23139875454893e-05,0.00219849613690394
"ENPP2",7896.81225152121,-3.6203670862306,0.517560232509504,-5.06292199755221,4.12878815109414e-07,5.84832688844736e-05
"PFKFB1",723.157904650992,-6.31519949569836,1.02595808067018,-5.18071799992682,2.21033437477145e-07,3.56979330190892e-05
"PLIN1",58744.3741693506,-7.9909648381317,1.15714519141534,-6.04156236399412,1.52628990587343e-09,4.97656903082994e-07
"PLK1",1125.3688947394,4.79163281656671,0.845628525287828,4.48380429843724,7.33239141454964e-06,0.000643203330126052
"FXYD1",811.69117623317,-4.54868086558904,0.845553099268386,-4.19687523901163,2.70622912500072e-05,0.00194859772954739
"PPARG",5247.58362984949,-5.12279708540398,0.732714703047742,-5.62674267113123,1.83644369095535e-08,4.40771991991659e-06
"PPP1R1A",7368.84387548697,-5.9810778291656,0.912342860306002,-5.45965562496421,4.77059011887859e-08,9.58611254003964e-06
"PRELP",8721.0027205814,-3.4312035775498,0.656166544749731,-3.70516235093499,0.00021125537634316,0.00970894908065009
"PRKAR2B",19180.0417264491,-4.34904865669894,0.737108433791027,-4.54349523512359,5.53290566416256e-06,0.000519642080339094
"MAPK10",1159.25254714366,-3.67632129091506,0.607552379340943,-4.40508733389912,1.05741268125362e-05,0.000891100915350169
"MASP1",227.441310587002,-4.12574204550613,0.702104754769739,-4.45195966025219,8.50901538376705e-06,0.000735221474234392
"PTH1R",457.004741015093,-3.81682022680779,0.761798085137919,-3.6975942598987,0.000217652410154639,0.00987205065585912
"PTPRN",107.099154181195,6.62954989546428,0.920207327720845,6.1176973121997,9.49371747777916e-10,3.41793607778129e-07
"PYGM",597.551206118831,-6.05479861545386,0.960251289877125,-5.26403730850565,1.4092583219528e-07,2.38758755506533e-05
"RBP4",11267.6160787519,-7.98829439888273,1.06485023482892,-6.56270165541681,5.28415067340078e-11,3.04384692623463e-08
"RDH5",2461.25333711953,-5.75159171354174,0.89611668299487,-5.30242523513977,1.1427427271845e-07,2.00006014782665e-05
"RGS4",1289.8451780186,4.37742106128848,0.711860160681024,4.74450074303549,2.09021212091299e-06,0.000231544587573701
"SAA1",7310.71303470797,-4.63858592114732,0.944224713848072,-3.85351693064537,0.00011643320815022,0.00640519890655391
"SAA2",3254.7811333726,-5.85794245153927,1.09464544533261,-4.4379140956122,9.08348552431345e-06,0.000777087689830004
"SCN3A",181.974736774683,-3.40299044368343,0.368825359581364,-6.51525276464435,7.25673557910634e-11,3.91886398570427e-08
"SCN4A",971.278875223052,-5.96249485817338,0.75165393279826,-6.60210057000432,4.05372345964919e-11,2.4155998312482e-08
"SCT",11.7115147710068,6.87587200837425,1.55551818549841,3.77743703876503,0.000158450543852873,0.00784579899232524
"CCL11",30.1256807248655,5.87857122869444,1.08416291701955,4.49985067014284,6.80012155328022e-06,0.000599555615113446
"CCL20",38.1669385614871,5.78630118240218,1.25813739994849,3.80427541745292,0.000142219874930893,0.00733642286173364
"SLC2A4",2379.3375643484,-7.3135515201278,0.973012431582439,-6.48866480550498,8.66003928765317e-11,4.27583254085527e-08
"SOD3",3561.38066100009,-4.4299178112132,0.506042719584183,-6.7779214648747,1.21917086527048e-11,9.57658714669965e-09
"SOX11",779.007962233468,5.49616897167484,1.12508060474001,3.99630831136214,6.43379321442567e-05,0.00397079930494607
"SYCP1",15.4991020434378,-6.90411699343295,1.57169973594598,-3.75651713772118,0.000172294477731887,0.00836354176877734
"TACC1",14514.2874686537,-2.82502834408979,0.470518147675365,-3.87876291936135,0.00010498901338526,0.00585695889911322
"TACR1",738.211094872578,-4.06399596125703,0.821203259920348,-3.73110545317881,0.0001906413972874,0.00890398374736099
"TDO2",82.9923174078766,4.96014553258354,0.975732772603352,4.05863740952093,4.93598857910776e-05,0.00318279174013288
"TFR2",115.28547188996,4.7678390172539,0.793205260255993,4.75014375981053,2.03272089673542e-06,0.000228100323483667
"TGFBR2",20446.1463939233,-2.85715956572688,0.437140201015027,-4.24843004924874,2.15273842809046e-05,0.00161662043693857
"TGFBR3",9738.91777337112,-4.00623073427666,0.634539923669683,-4.73765419974045,2.1620633167177e-06,0.000235674292384272
"THRSP",5949.74539819535,-5.44201531051256,0.961999163328802,-4.61748354867781,3.8842146356862e-06,0.000383560646395961
"TIMP4",6425.16880284053,-7.72607408825732,1.07469615034969,-6.25858209882743,3.88493364166807e-10,1.59846519670633e-07
"CLEC3B",4653.37686450063,-5.16683528495561,0.782996363097787,-5.32165343459613,1.02828328716017e-07,1.85101702973071e-05
"TNNI3",51.9516908440539,7.89221445030958,1.43795335155722,4.79307235025788,1.64246357602385e-06,0.000189222753715121
"TNNT1",705.759059135233,7.73090649295376,1.17301016330786,5.73814848626099,9.57171805762294e-09,2.50619484475427e-06
"TNS1",58547.3762257253,-3.74929467762204,0.681787431782327,-4.03248072560511,5.51911428822368e-05,0.00350646375054388
"TNXB",18001.1121141055,-5.37369296346501,0.782273315917886,-5.59100364855614,2.25760836627371e-08,5.27212569967243e-06
"TOP2A",5313.52181381856,4.40362223453849,0.879389203404723,3.87043896077041,0.000108639556998702,0.00599808365653218
"TPO",119.590423260023,-4.38425991497789,0.878659427519835,-3.85161737185309,0.000117340265885799,0.00640519890655391
"TSHR",90.2317795434519,-5.05677135087317,1.0068471741549,-4.02918283430475,5.59710750568302e-05,0.00354298955332265
"TTK",1214.56366629849,5.41052335835607,1.01277763059144,4.35487833176216,1.33140846694839e-05,0.00107514344473529
"ZBTB16",797.466622797598,-5.79744194425941,1.06489332904959,-4.50509155554679,6.6344331965732e-06,0.000587946872153751
"SLC14A2",88.6739283430557,-4.9121403139285,0.785119601684297,-4.98285905171122,6.26515883127097e-07,8.26474883688501e-05
"FZD4",19675.164497731,-4.24922736000446,0.692327976212565,-4.69319090321846,2.68976270751149e-06,0.000278783785294481
"SRPX",4086.36802378026,-3.06365512363871,0.521998088172514,-3.95337678508259,7.70559522370971e-05,0.00458053538898849
"SDPR",4264.41453264075,-4.58746440317839,0.553648367962715,-6.47968026417083,9.19171910221367e-11,4.41228049459318e-08
"RAD54L",320.168622498638,4.36018180774592,0.857742635528141,3.91747089227638,8.94828466582751e-05,0.00520657600370927
"PDE8B",696.816155096766,-4.32349289798429,0.645924598928957,-5.14532641038157,2.67056050248705e-07,4.05505685310933e-05
"HSD17B6",155.515902218699,3.6576133216786,0.43259568519009,6.14341153336008,8.07676644851925e-10,2.96967236163534e-07
"AOC3",32124.0891195427,-5.25064802771697,0.772661371222998,-5.50130779928713,3.76984419935652e-08,8.0427997048247e-06
"AKR1C3",4282.9920876188,-3.13970044663281,0.474477378585657,-4.5095942255686,6.49517411212879e-06,0.00057857270016339
"SLC4A4",962.81431216004,-5.66047885638502,0.770630272493138,-6.04761975065873,1.47001398490065e-09,4.88525224482078e-07
"MYOM1",1122.55085079275,-5.1054220386342,0.695592602380802,-5.90204959710984,3.59013193149672e-09,1.0239913289207e-06
"WISP1",528.510705495485,3.64148679374985,0.6895433308536,3.83077708906255,0.000127739191844035,0.00675064518121337
"GYG2",16229.7439068974,-5.46889443504296,0.893277207107248,-5.00280808632164,5.650118242861e-07,7.62810104335007e-05
"PKMYT1",729.955896047097,5.72966304730039,1.03190299565622,4.58343765568067,4.57393300795551e-06,0.00044157618050547
"CCNB2",912.058721943732,4.5784373793871,0.85582117389037,4.18129100863481,2.89858600314512e-05,0.00204450876409595
"SYNGR3",98.1091890166674,4.3698994210672,0.725847769137806,4.64270824317628,3.4387176745767e-06,0.00034349410482289
"EXO1",696.540255002302,5.05652467319031,1.07857658689274,3.76099826612841,0.000169236603218969,0.00823824715556902
"SLC16A7",1205.67226949194,-4.95046484403057,0.977212031717952,-4.04258719275652,5.28646443947784e-05,0.0033710476744877
"AURKB",551.316550654997,5.35583125857702,1.0244416975624,4.25190742327403,2.1195748249059e-05,0.00159949225105672
"DLGAP2",34.8904417074478,-4.43290287979006,0.874947656583548,-3.92355228791022,8.72528173652462e-05,0.0051112404640299
"PTTG1",875.621673993093,4.48780270302048,0.871600865897498,4.00160536718724,6.29141672264298e-05,0.00391086231597098
"GPR37L1",57.4341906221157,5.40068536733454,1.03024086082202,4.27151119188117,1.94152781447011e-05,0.00149117965163814
"TRIP13",1341.66058942058,4.23458240450566,0.794172458376414,4.07289672462119,4.64320164880192e-05,0.00301651006364459
"GLP2R",27.2796121823226,-7.71526878943424,1.48249428827761,-4.5297097213347,5.90647795624998e-06,0.000542924710435936
"ADIPOQ",136397.929705801,-7.66862385723095,1.47046139480695,-4.53505537838785,5.7588373255324e-06,0.000535045525927556
"FHL5",342.806687742475,-3.67414732349298,0.519303086270082,-5.14949245285671,2.6119228311305e-07,4.03005700399698e-05
"ONECUT2",203.686456198779,4.85136609915719,1.00494625994735,3.83241000305725,0.000126894026467792,0.00672655113923288
"KIF23",1371.73213645486,4.2141110384212,0.806664538003994,3.98444568590331,6.7637824567284e-05,0.00414485548350083
"DLGAP5",1043.59502883725,5.43354837614226,1.13608669138649,3.90247364902368,9.52146066835694e-05,0.00543037497722364
"MELK",1346.27162641355,5.51874899974211,0.984235249269342,4.59112697202895,4.40859019927248e-06,0.000428004759739482
"GINS1",776.775942223488,3.43882064002688,0.644792668144839,3.78233308242124,0.000155365274006086,0.00778222405825847
"KIF14",507.337154833664,4.95955297245925,1.01428444707387,3.90378949798771,9.46981537030812e-05,0.00541880395411572
"NAALAD2",439.984872743271,-4.56013909133697,0.705671487333931,-5.04503746465283,4.5343251269704e-07,6.37054248123378e-05
"TROAP",465.13548339712,5.00496555641944,0.970173735233049,4.12809109438259,3.6578721178858e-05,0.00245006542903816
"KIF20A",1026.1792801109,4.76171433669362,0.913575801045114,4.11757221720441,3.82884567425259e-05,0.0025448570037215
"FAM13A",7126.78542640036,-4.08016692807896,0.697535545996607,-4.41578489548968,1.00644128796291e-05,0.000852564308690538
"ODZ1",179.249553982443,-4.12792748613231,0.69048090813684,-4.53007092487547,5.89638888799129e-06,0.000542924710435936
"ANGPTL7",108.86580174742,-4.85451798800103,1.03071898549161,-3.73964003987235,0.000184283959768989,0.00872496194182984
"GLYAT",941.518621325034,-8.61358627148005,1.33091634505091,-5.72055959774752,1.0617377682973e-08,2.63336610308805e-06
"NMUR1",285.209489760405,-5.04628916647984,0.796102896495152,-5.08262083242462,3.72262345599938e-07,5.49834666180558e-05
"TRDN",121.564169413205,-6.28522502892332,1.12263654537188,-4.7078683218642,2.50320709335607e-06,0.00026538602319194
"ABCA10",599.033729609813,-4.72743567615757,0.621770548010702,-5.9948733308182,2.03644113870771e-09,6.28423916393e-07
"ABCA9",2827.57505228602,-4.94633268990115,0.798831420920344,-4.94013203105423,7.80696898076874e-07,9.84760809902661e-05
"ABCA8",5454.48669209982,-5.23732281697032,0.852811546078061,-4.96865085429139,6.7420338931112e-07,8.69470803782498e-05
"NDC80",575.402889054287,4.3969863381865,0.898788024913006,3.77951891216541,0.00015713165898815,0.00782705931732216
"SORBS1",29972.6404104702,-4.72754996152878,0.681839912233044,-5.46689903986547,4.5797672488645e-08,9.42178069376518e-06
"POSTN",49795.8448316784,3.08582421021958,0.508680281728394,4.10046208815557,4.12325984141523e-05,0.00270927959389721
"CHL1",2994.13452232077,-4.59250811519897,0.787917258303488,-4.55949920799325,5.12757502770722e-06,0.000486866066229717
"ALDH1L1",3170.19778416206,-6.67579532642881,1.0024022345572,-5.66219340975038,1.49450238473887e-08,3.63753460713697e-06
"PROKR1",17.477229916386,-6.4730221975254,1.3459890961092,-4.06617127385807,4.77918179688636e-05,0.00309322249558027
"LYVE1",4890.22977400022,-6.3373350931614,0.796208904766331,-6.70343556974885,2.03575479250438e-11,1.40719514277073e-08
"UTS2",18.4941070352502,6.95188724677721,1.35755007793957,4.38428559174092,1.16367029385461e-05,0.000953051485692011
"LILRB5",832.311764901916,-4.62844992227041,0.910447234165193,-3.98534894292628,6.73810320908118e-05,0.00414381357851003
"UBE2C",2664.10452900735,6.49501894107101,1.09218806676775,5.03120214207531,4.87413902512731e-07,6.79274165267944e-05
"ADAMTS5",3809.19365464278,-3.1040790614994,0.396850983244458,-5.30193737784768,1.14580148506937e-07,2.00006014782665e-05
"FAM107A",2431.42768510289,-4.3631818007984,0.546092780773402,-6.15862710368612,7.337827863443e-10,2.7566305066991e-07
"MMRN1",1697.20461527082,-4.29225750763729,0.756325884194132,-4.3529615691326,1.3431070183955e-05,0.00107954569232059
"TPX2",3934.23278403184,4.90131001422347,0.805591471227918,4.84278961925568,1.28028824809654e-06,0.000151538775447646
"MAST1",112.96401173616,5.45034135076503,0.939473208381633,4.73706041967001,2.16840532892189e-06,0.000235674292384272
"SIK2",8542.07175752407,-3.4935012890507,0.637822072568208,-3.90939949602332,9.25258402323547e-05,0.00534762222426529
"NCAPH",794.231895959002,4.48729194536266,0.842340178117357,4.14000428325383,3.4729933672306e-05,0.00235359993643576
"ABCA5",1530.97386500956,-1.8852095559724,0.211755889134779,-4.18033028308827,2.91085995664532e-05,0.00204481995572308
"MAPK8IP2",1638.01868621219,4.45281150895101,0.639062214733847,5.40293484631855,6.55592776971061e-08,1.23144551943879e-05
"BHMT2",1123.19938010038,-3.94558984382592,0.745063576147065,-3.95347449281899,7.70244783716862e-05,0.00458053538898849
"KIF4A",1003.2197079822,5.09100470216321,1.04958133166872,3.89774911074207,9.70909270244216e-05,0.00551917207206918
"PAMR1",1639.92918829283,-3.50533645889491,0.554773195497354,-4.51596522548078,6.30290078088359e-06,0.000565802458914773
"CCDC69",6527.49295539499,-4.15801116970556,0.69916886637921,-4.51680748609413,6.27789314719708e-06,0.000565802458914773
"PCOLCE2",5675.24529667539,-5.16792797508805,0.992524269107904,-4.19932096857868,2.67716606706709e-05,0.0019357366864011
"PCSK1N",210.929786907261,5.27084403521144,1.14137383871654,3.74184503826892,0.000182674150076709,0.00869639665971244
"CDH20",63.8284445148718,-7.47228771474181,1.28759744596656,-5.02663913711267,4.9915036288828e-07,6.84588684212093e-05
"UBE2T",989.38862221512,4.29639590987589,0.865877836315024,3.8069988301174,0.000140663410460448,0.00727785747355391
"TRHDE",313.602676329245,-6.44656349097794,1.14368132120883,-4.76230868684741,1.91390614690121e-06,0.000217593500819736
"DMGDH",436.404170002009,-4.29396363816742,0.790422634268067,-4.16734477905941,3.08168216087918e-05,0.00213873692458446
"KCNIP2",9244.49758724764,-7.24059674405953,1.05407740381483,-5.92043499032812,3.21091202499899e-09,9.40470689898433e-07
"CD209",1154.27644529158,-4.16794789559356,0.801179624645026,-3.95410442071235,7.68218560033939e-05,0.00458053538898849
"G0S2",8479.85930157702,-6.47284681509,0.881497094983212,-6.20858179367481,5.34648932478086e-10,2.09983368230768e-07
"PDE11A",596.545305380466,-4.11972582603757,0.722750836608738,-4.31646103749366,1.58550651507981e-05,0.00124541536759519
"MLXIPL",1748.25722069841,-6.18685668951238,0.798925822531891,-6.49228819901528,8.45423295882672e-11,4.27583254085527e-08
"NUSAP1",1365.7349455914,3.93007376885624,0.773998682292476,3.78563146926526,0.000153318750412648,0.00772449366146058
"KLRF1",38.641566550608,-3.37534422402084,0.63502407099752,-3.74055777175432,0.000183612335037067,0.00871704604883396
"ANGPT4",45.7069437086586,-5.36606243291455,0.991363465222541,-4.40409858349426,1.06224633159039e-05,0.000891100915350169
"CES4",106.554601283627,-4.3059666553606,0.88947757211072,-3.71675099970827,0.000201801151352609,0.00934939865019956
"SNTG2",46.0011481165136,-4.7668435365653,0.999118400256147,-3.77016731510458,0.000163138140124822,0.00800906306675298
"ANLN",2318.91697967984,4.78031937720308,0.811117232827752,4.66063255002482,3.15239069654559e-06,0.000320449786041202
"ACSM5",940.007829577448,-6.26846586336516,0.826688853318492,-6.37297314729296,1.85398356621347e-10,8.43123421256184e-08
"CDCA8",972.71515289195,4.15089354312662,0.821596585622911,3.83508597560408,0.000125520379705538,0.00667420825135817
"CEP55",1015.91166485952,4.72019812507886,0.936022119093506,3.97447672356471,7.05341594943648e-05,0.00426189094483258
"TMEM100",742.03677849314,-3.81582569354929,0.720847058462043,-3.90627340500906,9.37304554833454e-05,0.0053991866706923
"NIPSNAP3B",637.793761698746,-4.05217091895783,0.812961376575265,-3.75438613309725,0.000173766815470109,0.00841138470066934
"HJURP",545.340787428203,4.73444248643941,0.913413823249515,4.08844533702583,4.34273849179003e-05,0.00283195712741975
"MCM10",897.726490733842,4.78344973804895,0.983573473525037,3.8466366162656,0.000119750371338544,0.00648716666802938
"STAB2",63.0361713810546,-4.19510727258694,0.768274408255207,-4.15880997499734,3.19909889707498e-05,0.0021851236379586
"ST6GALNAC1",132.224438195096,-4.09381081397238,0.538870949320548,-5.74128335898104,9.39617107714661e-09,2.49808049821801e-06
"BEX1",571.373082607246,4.7188283987145,0.992795880588433,3.745813687815,0.000179810007040505,0.00860747017082261
"LMO3",1186.61215922976,-4.68682581495273,0.868181868832923,-4.2466054029772,2.17033702546004e-05,0.00161662043693857
"LOC55908",101.853483560511,-6.26863146966755,1.0816151264235,-4.87107783624382,1.10991101379738e-06,0.000134128477128899
"SLC7A10",1540.28836749443,-7.7881338170309,1.44648097753516,-4.69286075825072,2.69410868260971e-06,0.000278783785294481
"CYP26B1",1099.75100903298,-3.47181080642202,0.635227975478433,-3.89121843155653,9.97420892724475e-05,0.00565128867120382
"SEMA3G",7849.34909328261,-4.76158320146886,0.754265920372477,-4.98707829675147,6.12992276924109e-07,8.14855349040426e-05
"ZNF695",202.050972013713,5.29162814674743,0.909488487240608,4.71872729226979,2.37324707758501e-06,0.000254733433215817
"KIAA1199",890.68376793482,5.8699132396466,0.783473208773411,6.21580059804576,5.10636163795197e-10,2.05216361547553e-07
"HHATL",31.7821878495331,-7.93771180423422,1.68704737532932,-4.11233964480691,3.91669508816498e-05,0.00259327233021376
"GPAM",33944.3562521231,-5.66884537410549,0.868471217808753,-5.37593564227205,7.61860035584937e-08,1.38586350262561e-05
"PAPPA2",218.154168545495,-5.84112959197653,0.979397243749711,-4.94296836433992,7.69419731793082e-07,9.77672234199724e-05
"CIDEC",15580.9293209575,-8.86300747275223,1.14081699872163,-6.89243540512048,5.48451988632934e-12,5.2393416418045e-09
"ANO3",369.064260395201,-6.57970786365923,1.0077168772208,-5.53697967136129,3.07732253581676e-08,6.90639100538304e-06
"TNMD",402.84543168172,-5.70622999357357,0.966513001775551,-4.86928782636954,1.12001169603055e-06,0.000134372976398683
"HIF3A",592.355616639542,-5.08519452654867,0.846776806474697,-4.82440531591337,1.40421604348796e-06,0.000163961198969698
"EBF2",304.128913202178,-3.47615171189409,0.662900621490619,-3.73532869274754,0.000187470162016399,0.00880345616794944
"MOSC1",5757.53204345899,-4.00900023176713,0.764473232066194,-3.93604393921616,8.2835812874998e-05,0.00487248325108116
"KREMEN2",144.05743383769,6.2553401067447,1.04489474157793,5.02954019924382,4.9165741882106e-07,6.79706548371739e-05
"LRRC2",155.43297310009,-3.92084578145571,0.771884779567497,-3.78404375727206,0.000154300677157234,0.00775136628475047
"C14orf139",2097.48116298533,-4.71133212712451,0.684415632764667,-5.42262910058431,5.87287695717197e-08,1.12348951915777e-05
"E2F8",169.946625617653,4.60463256970487,0.938227375117416,3.84196055807236,0.000122055453116823,0.00655043566867023
"SHCBP1",457.185524853632,3.684321485096,0.679035667928015,3.95313768021471,7.71330246048059e-05,0.00458053538898849
"C7orf58",4035.2311647403,-4.31469141342597,0.745744531135937,-4.44480820848522,8.79703103074688e-06,0.000756325837026551
"FRMD1",205.549084312898,-7.16844505165001,1.10099144232967,-5.60262760861952,2.11126495288537e-08,4.99791365079618e-06
"SVEP1",13960.6182665773,-4.16642646495616,0.817608881540456,-3.87278873364279,0.000107597091137378,0.00595956837161871
"SLC19A3",9691.6697862441,-7.01663093323881,1.10492898687342,-5.44526481313869,5.17283698548599e-08,1.01581586302481e-05
"ITIH5",13892.67492691,-4.92917827508265,0.620072684695799,-6.33664144875251,2.34827598350907e-10,9.89769689537078e-08
"C12orf39",542.212457025271,-11.0451784248367,1.6435757375985,-6.11178310499648,9.85240304931789e-10,3.47468116520944e-07
"FAM83D",820.935255884435,5.02834152567974,0.82598530103816,4.87701357471691,1.07704026099503e-06,0.000132002359930888
"CABLES2",1033.36702127502,2.46327638922622,0.38784805824554,3.77280834109487,0.000161420287520091,0.00794730481092507
"KIF18A",357.764069314147,3.80265030903721,0.754518533395817,3.71448835911755,0.000203615242126518,0.00940822192296353
"CDCA3",687.291253864388,4.92713646186817,0.934692459881477,4.20152791471769,2.65119548424984e-05,0.00192501299005553
"NUF2",1156.22081496461,5.81466547601081,1.0242984924018,4.70045158879544,2.59586792571894e-06,0.000273531668441153
"SLC25A18",173.164328485935,-3.38207291578607,0.635907474037892,-3.74594263008163,0.000179717662452378,0.00860747017082261
"FGFBP2",523.883718824749,-5.37653625889716,0.929447078029071,-4.70875250711184,2.49237473571055e-06,0.00026538602319194
"ZNF469",1058.496829767,2.27858054745286,0.306359391297154,4.17346614392733,3.00000258854138e-05,0.00209890869362687
"ATOH8",705.954015961973,-4.67536949801912,0.488328685061071,-7.52642556224089,5.21481865701701e-14,1.50195468686518e-10
"LGALS12",3922.71996114919,-8.15193367434541,1.28803994998005,-5.55257131151575,2.81497819633242e-08,6.48608509477607e-06
"LOC90586",36.3301517837917,-4.65905746235192,0.977620533378747,-3.7428197725204,0.0001819667450404,0.00868665005813027
"CHRDL1",15113.8879146661,-5.23966222216598,0.833208030184682,-5.0883597716002,3.61173697421662e-07,5.38055402167564e-05
"TMEM132C",3057.50762254388,-6.90548583522024,1.07645470514976,-5.48605139349423,4.11017363767556e-08,8.66194032105748e-06
"PKHD1L1",107.443851788913,-4.50499623787676,0.715942245865646,-4.89564103545653,9.79857871023528e-07,0.000120949456208269
"MYOCD",100.871950429961,-4.52839406018422,0.650837170068801,-5.42131614857097,5.91618229520033e-08,1.12348951915777e-05
"FAM54A",287.528234476117,4.7211436978799,0.967573397488282,3.84585159899972,0.000120134459888581,0.0064876362541705
"RPLP0P2",155.500127358575,3.71470696813932,0.570616415719182,4.7574988965535,1.96006328001238e-06,0.000221384663672509
"GPR146",1656.11078940925,-4.35746832587265,0.651322749420361,-5.1548457793937,2.53839752481372e-07,3.95189618255008e-05
"SLC22A12",31.8006418973712,-8.51839475767206,1.66504797735597,-4.51542229408368,6.31907149878775e-06,0.000565802458914773
"RBP7",2055.21324027919,-3.5327959691074,0.653332160630085,-3.87673548270565,0.000105867345197343,0.00588261605258933
"MRGPRX2",14.54621967005,-6.20723065489099,1.34142734809699,-3.88185812841688,0.000103661350580559,0.00583508729440598
"HRASLS5",3023.96626073891,-5.41335505829183,0.883143417545874,-4.99732542938031,5.81309219639005e-07,7.78729040665244e-05
"TMC2",51.3569197472661,-4.96823173050307,0.804008209102277,-4.9355612114133,7.99206090081926e-07,0.000100080293063085
"CCDC78",92.6208975390637,3.82546212046099,0.711576100108746,3.97070969644594,7.16588528073473e-05,0.00431476179569257
"PAQR4",2549.84740572086,3.34006757145695,0.58848283401112,3.97644151403188,6.99541934305763e-05,0.00424167865499575
"HSPB6",17235.1777135703,-5.43622284075067,0.823097166652559,-5.38967089243214,7.0586829379676e-08,1.29767127501083e-05
"IQGAP3",1549.52771468026,4.86831275261332,1.00650995968201,3.84329306968352,0.000121394359539458,0.0065352521096616
"ACVR1C",6948.77791672572,-7.20719808116386,1.08277323163846,-5.7326852011026,9.88530017111352e-09,2.53375565458481e-06
"LRRC15",3868.02454216601,3.76801941401433,0.634277648719673,4.36405006482846,1.2767633733266e-05,0.00103585670678201
"COL6A6",920.065194866456,-4.88268451607015,0.804551030486357,-4.82590211055107,1.39370955496733e-06,0.000163841461356398
"WBSCR28",13.1415538670173,7.04203817829939,1.58388142711757,3.81470359766451,0.00013634648614001,0.00714001099086518
"ADHFE1",953.145354698801,-4.06825785483919,0.698451474880839,-4.39294348309975,1.11826205484912e-05,0.000924626151667355
"PNCK",99.3758555090554,4.57550573365917,0.762997981618696,4.68612738145618,2.78423014246129e-06,0.000286363972486142
"TMEM37",3383.8459734587,-4.4033807342576,0.759310235162149,-4.48220052444152,7.38772751688255e-06,0.000644784440501249
"ADAMTS14",154.320791653432,4.21902460607993,0.481147967349994,6.69030074845636,2.22712409763156e-11,1.48026659735273e-08
"E2F7",131.680970495004,3.935964666625,0.639357701241771,4.59205333872216,4.38906150822077e-06,0.000428004759739482
"A2ML1",586.618175760573,6.62449612675502,1.4377111703153,3.91211826330982,9.14900865105026e-05,0.00530550397646978
"GCOM1",2883.39715773003,-4.49396194651146,0.599068190228271,-5.83232761061827,5.46594650510069e-09,1.47589096179133e-06
"LOC145820",76.569724947926,-3.91289629633405,0.720353009178901,-4.04370670937341,5.26127277210818e-05,0.00336740943610376
"CD300LG",3567.45785280873,-7.20005470705575,1.05556517109117,-5.87368253221786,4.26219244272369e-09,1.18798302585013e-06
"KIF18B",348.598178780117,4.89622537492496,1.03391300004014,3.76842671943742,0.000164279696968961,0.00804225904623402
"EME1",173.069835938765,3.51026971183378,0.671993423945189,3.73555695991235,0.000187300176349948,0.00880345616794944
"NOTUM",14.5063334060697,5.1480566571235,0.995778492297714,4.16564194668641,3.10477668605038e-05,0.00214614583646547
"CILP2",611.48707060857,4.23159578872518,0.703431999510298,4.59404148656145,4.34742889969491e-06,0.000426863175088794
"GPBAR1",183.307036880499,-4.53083391803933,0.781612906846331,-4.51736900339277,6.26127386403474e-06,0.000565802458914773
"SGOL1",178.67133804951,4.71662409752303,0.875040379189647,4.24737439084229,2.16290355490344e-05,0.00161662043693857
"SHISA3",75.1661030885325,-3.94857772755055,0.776896659864413,-3.7953281045965,0.00014744832712846,0.00751638507701156
"KLB",2421.84907538493,-6.8930025465684,1.00748648472378,-5.84921250649241,4.9390575211817e-09,1.35479131783398e-06
"BTNL9",4908.12673260866,-6.23419716109958,0.729829906274449,-7.17180416436825,7.40157718534037e-13,1.16166009399192e-09
"PEBP4",27.3445319589245,-4.1351944539278,0.744685918013688,-4.21008962045415,2.55269407769175e-05,0.00186131250449752
"CDCA2",696.626225758848,5.41392886553371,0.931112499161703,4.74048932809692,2.1320268256264e-06,0.000234672328494585
"C14orf49",706.492536639706,-4.18616787667662,0.75155645454098,-4.23942587070535,2.24092176877728e-05,0.00165945065899776
"ZNF676",76.2961429563809,-3.56483597570099,0.552178769183139,-4.64493768837809,3.40179114092759e-06,0.000341781120385871
"XIRP1",48.0048506269497,3.95100315245191,0.635213276228935,4.64568872044222,3.38943756743859e-06,0.000341781120385871
"COL22A1",870.714078846152,7.05722826944841,1.22911336560044,4.92812822557612,8.30211272716224e-07,0.000103214971250425
"C10orf128",138.466634458515,-3.30353679195751,0.593901379661085,-3.87865203019405,0.000105036874783909,0.00585695889911322
"LCTL",96.6476002502927,6.41325495620201,1.43228107539355,3.77946413535808,0.000157166227828875,0.00782705931732216
"ALG1L",90.0328762712345,4.19259910840606,0.643064371920963,4.96466488863178,6.88197957581147e-07,8.80944363330356e-05
"AQPEP",1292.40875668257,-8.24474236096672,1.03930896845526,-6.97073014941331,3.1530024941872e-12,3.63246907346994e-09
"PLAC9",1049.03146449894,-4.07821627081762,0.782092542631066,-3.93587216732956,8.28950914772213e-05,0.00487248325108116
"SKA1",337.033093293386,4.59642387201813,0.911841387881431,3.94413317909822,8.0089142602086e-05,0.00473979614146112
"HEPACAM",637.771841371337,-9.16453643760314,1.16054020307021,-7.03511728073172,1.99093468558876e-12,2.45752445011853e-09
"LRRN4CL",1212.75431941961,-4.27280173891632,0.764425421706911,-4.28138788426002,1.85731292591511e-05,0.00143286717289013
"SKA3",650.741679826701,5.12379202313925,0.983197653610963,4.19426552534367,2.73757159094494e-05,0.00195487498607932
"C7orf41",12247.8467911678,-3.91773179099025,0.663955342574088,-4.39446993479787,1.11043369938543e-05,0.000924626151667355
"EBF3",1234.81715847265,-3.88064940352658,0.691878171551925,-4.16352115440369,3.13376976564415e-05,0.00214899505238478
"ANGPTL5",74.9640133689252,-6.3332468518398,1.13838253861614,-4.68493381699536,2.80050409988763e-06,0.000286363972486142
"CNIH2",175.468420589211,5.02747934734793,0.901183360067462,4.46910087981033,7.85490805515677e-06,0.00068211390000585
"MAMDC2",1594.10485145119,-3.60022558159654,0.603470885374296,-4.30878381147383,1.64154728889714e-05,0.00127781886033475
"ASPM",1365.88167007655,4.86922780943758,1.02034421634814,3.79208089529408,0.000149390230953559,0.00759297817973075
"LOC283392",1201.11081204521,-8.99908329897598,1.39849783358727,-5.71976810179077,1.06669537188915e-08,2.63336610308805e-06
"TMEM145",57.285103932839,5.08676199453829,0.806899630454247,5.06477118131487,4.0889118974072e-07,5.83970962802429e-05
"SEC14L4",39.6429999130534,5.68216100170414,1.2199534548404,3.83798331249997,0.000124048910015187,0.00663680871198898
"CCDC141",69.6273217013209,-3.98191749376081,0.652944866123091,-4.56687485953626,4.95049346601431e-06,0.000472649047437532
"IGSF10",1983.53310364598,-3.42293957940348,0.57522069587101,-4.21219124554379,2.52905275325166e-05,0.0018518881622433
"SCARA5",3133.71284520061,-6.23680419480625,1.26628749699865,-4.13555705731796,3.54094617604908e-05,0.00238097629837759
"TUSC5",10954.1613489752,-7.83488861202527,1.32444054976309,-5.16058543605287,2.46178782572497e-07,3.86746867421393e-05
"TRIM59",533.466834412887,2.80511138638336,0.483037499461639,3.73700051941147,0.000186228539142693,0.00879293821017728
"GPIHBP1",1022.84742097776,-3.86968195986459,0.775130424190899,-3.7021923927964,0.00021374443209092,0.00974118668242482
"GPR120",86.4188679537194,-4.73879550760172,0.98079843740141,-3.81199170494961,0.000137851503948392,0.00719701462154734
"C11orf53",44.4453318865253,-3.85765930514183,0.693674215881707,-4.1195985661793,3.79533045411138e-05,0.00253232067866791
"GLDN",1244.78662260015,-5.21987137384596,0.832941852212619,-5.06622564664788,4.05780878955174e-07,5.83970962802429e-05
"HSD17B13",503.417901109932,-7.11263319452193,0.879517649582816,-6.9499835477109,3.65328815045707e-12,3.94577953300304e-09
"PLCXD3",286.734959822545,-4.07768822559425,0.83096463414537,-3.70375356438555,0.000212432635901192,0.00971176820372619
"BMP8A",517.322272899784,3.36837604464189,0.617501731486337,3.83541603833429,0.000125351924213402,0.00667420825135817
"PTCHD3",100.409826945295,-9.60029598743221,1.61986205554149,-5.3092767732974,1.10061091274479e-07,1.96078940032398e-05
"C18orf34",117.799310698478,-3.63454295459647,0.655045999662831,-4.02192053069943,5.7725535281102e-05,0.00364071158829461
"CENPW",2017.14909178613,4.92550571499426,1.05965907081912,3.70449876105889,0.000211809143186452,0.00970894908065009
"SLC16A12",74.2169308695728,-3.77390757067061,0.683829015796164,-4.05643443988849,4.98275402675862e-05,0.00320100268908608
"LOC388152",740.823378315342,2.61448784810214,0.430946596759461,3.74637567680639,0.000179407853613565,0.00860747017082261
"MUSTN1",170.601604831968,-3.44198568247275,0.646776358167888,-3.77562607481528,0.000159606271000965,0.00788044562619338
"TMEM195",80.6720451873282,-4.5463541728838,0.931529648224333,-3.80702233111292,0.000140650049434885,0.00727785747355391
"FAM180B",119.353098532625,-5.20064954909751,1.02355413395447,-4.10398376573248,4.0609597258394e-05,0.002678528435963
"C14orf180",1156.54750790892,-8.58399024032471,1.16737152587298,-6.49663802160439,8.21347631461058e-11,4.27583254085527e-08
"KLHL31",1289.07102542231,-4.34174688984316,0.83928356303207,-3.98166607453918,6.84338793763138e-05,0.00416410517430309
"PRRT4",440.691300217335,-5.37933719216699,0.93260912144646,-4.6957906495432,2.65577437929171e-06,0.000278148103324485
"TMEM215",58.6881366479423,8.01439658322984,1.45901554034879,4.80762294111891,1.52735492240173e-06,0.000177142418886069
"MAP1LC3C",296.866511724757,-5.65844862839391,0.733380133389465,-6.35202457266458,2.12499367296815e-10,9.18050391564063e-08
"LOC572558",16.9787530158465,-5.65024130327422,1.18567910994806,-3.92200660723281,8.78145835498561e-05,0.00512676965650359
"HEPN1",428.686637811684,-6.90443996025431,1.128448286985,-5.23235315995724,1.67365596015671e-07,2.75451891880649e-05
"PGA3",35.9926378433946,-5.15983346595979,1.08739730059683,-3.82549548695461,0.000130509325467487,0.00685511140852172
"UCA1",127.912227127516,6.27831022356269,1.24523295892942,4.23881345712265,2.24704273019776e-05,0.00165945065899776
"ABCC6P1",35.6026715884565,-3.42528017289546,0.636388094269933,-3.81100808568356,0.000138401239662595,0.00720395127291961
"PLIN4",91672.8683243734,-7.93708858854518,1.09181845320022,-6.35370154095853,2.10194479117235e-10,9.18050391564063e-08
